id,name,gender,age,grade
1,Karlens Senn,Male,16,89
2,Faydra Willowby,Female,21,61
3,Sherman Stripp,Male,16,64
4,Aurelea Hatherley,Female,18,96
5,Gabriela Vanichkov,Female,20,73
6,Mirella Cowgill,Female,15,47
7,Andrey McGrudder,Male,14,31
8,Arlan Samter,Male,18,52
9,Tawsha Duinkerk,Female,20,86
10,Giustino Eamer,Male,19,23
11,Martin Wingeat,Male,19,51
12,Erminie Epsley,Female,20,18
13,Brannon Fosdyke,Male,21,54
14,Aurel Martyn,Female,20,44
15,Katinka Alphonso,Female,18,24
16,Eugene Hefner,Male,21,29
17,Meredeth Lattin,Male,15,31
18,Kimbra Ousbie,Female,18,97
19,Chandra Shervington,Female,18,37
20,Jeanie Filipic,Female,19,21
21,Dudley Lough,Male,20,88
22,Venita Ough,Female,22,91
23,Pincas Masic,Male,20,58
24,Konstance Petrescu,Female,17,54
25,Tami Martins,Female,16,18
26,Lee Wellington,Female,15,53
27,Juliet Lyptrit,Female,19,81
28,Simonette Redman,Female,15,15
29,Mathian Bulward,Male,21,100
30,Winni Cabedo,Female,17,43
31,Kalinda Jayume,Female,19,74
32,Giuditta Adanez,Female,20,78
33,Roth Crockley,Male,21,11
34,Crista Warret,Female,18,92
35,Nan Davidai,Female,19,48
36,Gregory Anthoine,Male,22,95
37,Ripley Kennler,Male,19,91
38,Eamon Dilland,Male,15,94
39,Marlyn MacGahey,Female,18,58
40,Shalom Bilbrook,Male,15,100
41,Hector Dunstan,Male,18,83
42,Chantalle Coughlin,Female,14,54
43,Demetrius Kubek,Male,14,53
44,Kaleb Letchford,Male,19,84
45,Cornelle Gorsse,Female,14,100
46,Eduard Boydell,Male,17,41
47,Aggy Laming,Female,16,54
48,Broderic Szach,Male,14,74
49,Brendan Stenbridge,Male,16,78
50,Manny Hendricks,Male,16,47
51,Olivero Deetlefs,Male,14,51
52,Karyn Eannetta,Female,15,83
53,Steffen Castagno,Male,15,74
54,Gerri Kliner,Female,15,10
55,Lewes Addy,Male,20,16
56,Sadella Lethabridge,Female,20,21
57,Thibaut Beddie,Male,19,77
58,Wood Littefair,Male,16,25
59,Norean Alu,Female,16,59
60,Cynde Slaney,Female,18,31
61,Yoko Bertomier,Female,20,90
62,Micaela Mullis,Female,16,96
63,Margalit Treat,Female,20,78
64,Arnaldo Beardsley,Male,20,24
65,Michaelina Arnaudon,Female,17,26
66,Codie Bernade,Female,17,84
67,Carmine Niset,Male,22,75
68,Odie O'Meara,Male,15,48
69,Edvard Culbert,Male,17,13
70,Farra Trevain,Female,15,34
71,Pollyanna Carneck,Female,15,47
72,Jessalin Ovanesian,Female,16,52
73,Timmie Figura,Female,17,42
74,Yard Marlor,Male,15,72
75,Elonore Lidgate,Female,15,40
76,Irma Trenholm,Female,22,21
77,Lindy Ledgerton,Female,18,35
78,Avis Ragat,Female,15,91
79,Eden Schaumann,Female,20,41
80,Meredithe Reffe,Female,16,11
81,Staffard Chantree,Male,14,64
82,Ring Meddick,Male,21,66
83,Rhona Yeskov,Female,18,26
84,Malissa Rubanenko,Female,16,94
85,Angie McMichell,Male,15,42
86,Gusta Lownsbrough,Female,18,82
87,Filbert Galiford,Male,15,99
88,Mayne Schubuser,Male,16,38
89,Beryle Test,Female,19,91
90,Niel Everly,Male,18,26
91,Kinnie Atton,Male,22,11
92,Emlyn Fielder,Male,19,69
93,Iolanthe Furley,Female,21,91
94,Margie Colkett,Female,20,34
95,Kissiah Loveman,Female,17,84
96,Pippa Devenish,Female,15,79
97,Caspar Beasant,Male,15,32
98,Aubine Sansbury,Female,14,84
99,Aila Dallewater,Female,15,62
100,Moria Ridel,Female,18,41
101,Ginger Michelin,Female,14,60
102,Patten Corking,Male,20,66
103,Noell Ahrendsen,Female,21,12
104,Sydel Goare,Female,21,12
105,Cyndi Chill,Female,14,38
106,Vikki Licence,Female,16,83
107,Francyne Amys,Female,14,10
108,Minnnie Trubshawe,Female,15,11
109,Cheryl Kneebone,Female,19,10
110,Tilly Sine,Female,18,38
111,Fairleigh Krolak,Male,22,69
112,Angy Gosselin,Female,15,31
113,Klaus Brownlow,Male,20,36
114,Janeen Buffy,Female,16,35
115,Wilburt Rabbet,Male,21,76
116,Natale Darington,Male,19,43
117,Leonerd Blesdill,Male,16,88
118,Cherri Clohissy,Female,18,74
119,Guinna Natt,Female,15,39
120,Carole Ixer,Female,15,29
121,Ninnette Iacovini,Female,21,55
122,Hugo Clague,Male,16,79
123,Justin Dumphy,Male,17,82
124,Pincas Rossetti,Male,15,27
125,Graig Leeder,Male,17,65
126,Wyatt Jeal,Male,19,99
127,Ronnie Roaf,Female,22,63
128,Filippa Harbertson,Female,15,65
129,Bernice Lodin,Female,19,26
130,Gisela Longmead,Female,21,41
131,Simone Thomazet,Female,21,59
132,Marney Bosomworth,Female,22,35
133,Thor Greenleaf,Male,21,45
134,Solomon Massinger,Male,22,89
135,Kiri Truran,Female,14,69
136,Midge MacNelly,Female,15,71
137,Rosamond Topley,Female,22,28
138,Andi Pennells,Female,15,53
139,Alfi Ordemann,Female,17,90
140,Andros Bulgen,Male,21,82
141,Theodoric McCambridge,Male,15,100
142,Doro Hammerberger,Female,22,58
143,Vonni Ogglebie,Female,18,48
144,Arel Baselio,Male,22,64
145,Rip Fleisch,Male,20,63
146,Markus Folliss,Male,21,76
147,Lynda Cowderay,Female,17,36
148,Inger Filipov,Male,22,52
149,Drud Kehri,Male,16,16
150,Charlot Rivalland,Female,15,97
151,Alina Tolworthie,Female,19,37
152,Emelia Dewen,Female,20,87
153,Hulda Mosby,Female,16,100
154,Willard Sinden,Male,20,30
155,Leona Masdon,Female,20,14
156,Karina Kareman,Female,21,41
157,Traci Pullan,Female,15,80
158,Mannie Bierling,Male,17,48
159,Phillipp Labusch,Male,19,61
160,Archaimbaud Shulem,Male,15,64
161,Des McRory,Male,17,33
162,Wanids Ambrogioli,Female,15,10
163,Normand Clemens,Male,22,26
164,Kerwinn Gowers,Male,16,63
165,Guenna Simonson,Female,18,97
166,Abdul Gollin,Male,18,49
167,Melamie Timmermann,Female,19,58
168,Arnie Etherington,Male,16,78
169,Marve Haskur,Male,15,40
170,Gretel Vasyatkin,Female,21,81
171,Kerr Grolle,Male,18,24
172,Daniele Straughan,Female,17,98
173,Fay Ruggiero,Female,16,91
174,Aguistin Glazebrook,Male,17,79
175,Consolata Adame,Female,22,44
176,Claybourne Cuncarr,Male,21,16
177,Dwight Kusick,Male,16,39
178,Hattie Renzini,Female,19,10
179,Priscella Charlotte,Female,15,60
180,Nil Tolson,Male,15,98
181,Loleta Berthome,Female,17,81
182,Aron Canadas,Male,16,25
183,Lanette Father,Female,14,89
184,Ches Dislee,Male,16,38
185,Wye Wycliff,Male,17,52
186,Ailbert Giannotti,Male,16,38
187,Earle Bilsford,Male,21,39
188,Karlyn Westfield,Female,19,58
189,Tiphany Jaksic,Female,16,56
190,Marcus Barends,Male,15,55
191,Taryn Healings,Female,21,80
192,Pembroke Whardley,Male,15,37
193,Boone Bevan,Male,21,51
194,Jesselyn O'Sherrin,Female,15,42
195,Druci Tucknutt,Female,15,22
196,Adella Waterfield,Female,18,32
197,Marc Craker,Male,16,31
198,Rene Minichillo,Female,21,44
199,Brig Fairpo,Male,21,52
200,Courtnay Columbine,Male,19,82
201,Pate Bellfield,Male,17,95
202,Betteann Daveridge,Female,22,51
203,Leila Lankester,Female,17,51
204,Zonda Tebb,Female,20,40
205,Ronnie Servante,Male,17,20
206,Melly Dixon,Female,20,24
207,Tiff Riditch,Female,21,99
208,Sheena Bewshaw,Female,15,36
209,Claire Pawelke,Female,17,80
210,Sukey Giannoni,Female,14,94
211,Gui See,Female,14,88
212,Percival Arno,Male,20,70
213,Vick Trevan,Male,22,55
214,Laurene Dowgill,Female,20,59
215,Natasha Aslet,Female,14,53
216,Jill De Gouy,Female,20,53
217,Issy Gowdie,Female,14,27
218,Rollo McWhannel,Male,14,13
219,Alexandr Blondelle,Male,21,16
220,Caz Jarrett,Male,15,58
221,Thornie Zielinski,Male,20,35
222,Darryl Hydes,Female,16,71
223,Ammamaria Sumpter,Female,14,42
224,Jakie Hudel,Male,17,74
225,Katheryn Dencs,Female,17,15
226,Cazzie Hirsch,Male,16,56
227,Bastien Orteaux,Male,19,91
228,Nestor O'Siaghail,Male,21,62
229,Stearne Cleobury,Male,15,53
230,Gerladina Raun,Female,20,55
231,Clerkclaude Kid,Male,17,87
232,Ursula Lauthian,Female,19,51
233,Patty Grayland,Male,18,85
234,Myrah Saby,Female,16,100
235,Chaddie Jury,Male,19,96
236,Reece Boakes,Male,18,58
237,Jennette Gounod,Female,18,92
238,Issiah Burnham,Male,16,95
239,Dominic McNaught,Male,18,20
240,Carry Hupe,Female,22,24
241,Angela Challis,Female,15,29
242,Bernadette Lifsey,Female,19,40
243,Deena Padginton,Female,21,23
244,Frazer Whittington,Male,18,98
245,Jasmina Mullender,Female,22,33
246,Giorgia Goldingay,Female,19,37
247,Brook Sauvain,Female,17,72
248,Pyotr Breadmore,Male,17,50
249,Riva Borrows,Female,18,71
250,Elmore Ellyatt,Male,15,87
251,Marcella Wiz,Female,22,71
252,Shell Ottewill,Female,18,55
253,Gusti Malcher,Female,22,91
254,Delphine Jeyes,Female,19,33
255,Artus Franciotti,Male,14,19
256,Alexi Ruddy,Female,14,51
257,Roderich Goodliff,Male,15,31
258,Lotty McWard,Female,17,46
259,Aristotle Reyna,Male,19,54
260,Morley Dallan,Male,17,38
261,Holly-anne Danforth,Female,16,70
262,Magdalena Jenkins,Female,22,28
263,Corri Pink,Female,14,79
264,Wallie Wiszniewski,Male,15,41
265,Fredrick Climson,Male,21,74
266,Gert MacMenamie,Female,18,81
267,Brice Clive,Male,21,91
268,Juliette Giacomi,Female,14,80
269,Valentine Yakovl,Male,18,100
270,Fara Archibold,Female,18,35
271,Almeta Hughlin,Female,18,29
272,Maureene Elsey,Female,21,91
273,Blakelee MacGill,Female,19,82
274,Tibold Kadwallider,Male,14,41
275,Bennett Fanshaw,Male,19,65
276,Julius Weall,Male,19,47
277,Angelico Fawke,Male,22,78
278,Kerri Dacks,Female,14,30
279,Ginevra Peile,Female,15,80
280,Dyana Bellwood,Female,20,97
281,Antonina Squelch,Female,21,35
282,Joyan Shemmans,Female,14,28
283,Leanor Yeardsley,Female,20,73
284,Bev Ivanchin,Male,20,65
285,Joshuah Kitman,Male,14,61
286,Amabelle Piesold,Female,20,69
287,Delainey Claussen,Male,17,73
288,Dotti Attenburrow,Female,21,25
289,Maribelle Pawling,Female,14,93
290,Doroteya Riccardelli,Female,18,34
291,Win Ream,Male,18,83
292,Rosamond Godball,Female,14,14
293,Gib Georgeau,Male,17,86
294,Orlan Lothlorien,Male,16,63
295,Minor Swatten,Male,22,98
296,Giffie Wingar,Male,14,67
297,Nevile Berisford,Male,20,64
298,Clare Mesant,Male,15,67
299,Gavan Realff,Male,19,47
300,Lorenzo Dahlberg,Male,17,74
