id,name,gender,age,template,grades,subject,G10.semester1,G10.semester2,G10.yearAvg,G10.total,G11.semester1,G11.semester2,G11.yearAvg,G11.total,G12.semester1,G12.semester2,G12.yearAvg,G12.total
1,Oralla Killigrew,Female,21,error: undefined method `first' for nil:NilClass,"[{},{},{},{},{},{},{},{},{},{}]",error: undefined method `first' for nil:NilClass,65,38,52,103,73,9,41,82,80,78,79,158
2,Jenn McCullogh,Female,22,error: undefined method `first' for nil:NilClass,"[{},{},{},{},{},{},{},{},{},{},{}]",error: undefined method `first' for nil:NilClass,25,8,17,33,38,96,67,134,54,81,68,135
3,Cristie Nazer,Female,22,error: undefined method `first' for nil:NilClass,"[{},{},{},{},{},{},{},{},{}]",error: undefined method `first' for nil:NilClass,42,23,33,65,56,100,78,156,49,65,57,114
4,Brandy Clemenza,Male,22,error: undefined method `first' for nil:NilClass,"[{},{},{},{},{},{},{},{},{},{}]",error: undefined method `first' for nil:NilClass,8,87,48,95,20,88,54,108,70,50,60,120
5,Rivalee Zollner,Female,16,error: undefined method `first' for nil:NilClass,"[{},{},{},{},{},{},{},{},{},{}]",error: undefined method `first' for nil:NilClass,11,76,44,87,47,83,65,130,18,72,45,90
6,Richy Goldston,Male,19,error: undefined method `first' for nil:NilClass,"[{},{},{},{},{},{},{},{}]",error: undefined method `first' for nil:NilClass,15,82,49,97,27,70,49,97,24,86,55,110
7,Wake Umney,Male,15,error: undefined method `first' for nil:NilClass,"[{},{},{},{},{},{},{},{},{},{},{},{}]",error: undefined method `first' for nil:NilClass,72,97,85,169,87,37,62,124,21,64,43,85
8,Karmen Flight,Female,22,error: undefined method `first' for nil:NilClass,"[{},{},{},{},{},{},{},{}]",error: undefined method `first' for nil:NilClass,30,25,28,55,17,12,15,29,82,70,76,152
9,Dot Connaughton,Female,15,error: undefined method `first' for nil:NilClass,"[{},{},{},{},{},{},{},{},{}]",error: undefined method `first' for nil:NilClass,36,68,52,104,57,54,56,111,76,93,85,169
10,Shel Delucia,Female,15,error: undefined method `first' for nil:NilClass,"[{},{},{},{},{},{},{},{},{},{},{}]",error: undefined method `first' for nil:NilClass,51,65,58,116,30,22,26,52,96,62,79,158
11,Carlee Ghilardini,Female,16,error: undefined method `first' for nil:NilClass,"[{},{},{},{},{},{},{},{},{}]",error: undefined method `first' for nil:NilClass,70,32,51,102,16,40,28,56,7,20,14,27
12,Filia Paulat,Female,16,error: undefined method `first' for nil:NilClass,"[{},{},{},{},{},{},{},{},{},{},{},{}]",error: undefined method `first' for nil:NilClass,26,69,48,95,58,20,39,78,23,71,47,94
13,Brook Thirlwall,Male,20,error: undefined method `first' for nil:NilClass,"[{},{},{},{},{},{},{},{}]",error: undefined method `first' for nil:NilClass,78,36,57,114,8,41,25,49,46,59,53,105
14,Tildy Sandyford,Female,16,error: undefined method `first' for nil:NilClass,"[{},{},{},{},{},{},{},{},{},{}]",error: undefined method `first' for nil:NilClass,78,28,53,106,94,25,60,119,10,22,16,32
15,Sherman Crosier,Male,19,error: undefined method `first' for nil:NilClass,"[{},{},{},{},{},{},{},{},{},{},{},{}]",error: undefined method `first' for nil:NilClass,12,61,37,73,89,9,49,98,47,26,37,73
16,Florette Sabathier,Female,22,error: undefined method `first' for nil:NilClass,"[{},{},{},{},{},{},{},{},{},{}]",error: undefined method `first' for nil:NilClass,40,66,53,106,96,64,80,160,4,28,16,32
17,Pattie Dace,Female,14,error: undefined method `first' for nil:NilClass,"[{},{},{},{},{},{},{},{},{}]",error: undefined method `first' for nil:NilClass,88,47,68,135,46,42,44,88,42,30,36,72
18,Willis Soulsby,Male,19,error: undefined method `first' for nil:NilClass,"[{},{},{},{},{},{},{},{},{}]",error: undefined method `first' for nil:NilClass,1,79,40,80,98,80,89,178,87,96,92,183
19,Inessa Daviot,Female,22,error: undefined method `first' for nil:NilClass,"[{},{},{},{},{},{},{},{},{}]",error: undefined method `first' for nil:NilClass,17,82,50,99,79,22,51,101,43,89,66,132
20,Deedee Bisgrove,Female,17,error: undefined method `first' for nil:NilClass,"[{},{},{},{},{},{},{},{},{},{},{},{}]",error: undefined method `first' for nil:NilClass,68,76,72,144,25,19,22,44,18,80,49,98
21,Caressa Abad,Female,16,error: undefined method `first' for nil:NilClass,"[{},{},{},{},{},{},{},{}]",error: undefined method `first' for nil:NilClass,27,7,17,34,96,60,78,156,51,95,73,146
22,Berkly Alsina,Male,22,error: undefined method `first' for nil:NilClass,"[{},{},{},{},{},{},{},{},{},{}]",error: undefined method `first' for nil:NilClass,95,70,83,165,83,20,52,103,85,95,90,180
23,Curtis Smith,Male,15,error: undefined method `first' for nil:NilClass,"[{},{},{},{},{},{},{},{},{},{},{}]",error: undefined method `first' for nil:NilClass,22,84,53,106,79,43,61,122,59,44,52,103
24,Allix Ricciardello,Female,18,error: undefined method `first' for nil:NilClass,"[{},{},{},{},{},{},{},{},{}]",error: undefined method `first' for nil:NilClass,69,24,47,93,60,70,65,130,24,51,38,75
25,Sid Lukash,Male,20,error: undefined method `first' for nil:NilClass,"[{},{},{},{},{},{},{},{},{},{},{}]",error: undefined method `first' for nil:NilClass,91,33,62,124,52,97,75,149,63,80,72,143
26,Joyan Billings,Female,18,error: undefined method `first' for nil:NilClass,"[{},{},{},{},{},{},{},{},{},{},{},{}]",error: undefined method `first' for nil:NilClass,51,19,35,70,7,7,7,14,98,89,94,187
27,Elisa Jarrel,Female,14,error: undefined method `first' for nil:NilClass,"[{},{},{},{},{},{},{},{},{},{}]",error: undefined method `first' for nil:NilClass,39,12,26,51,61,25,43,86,0,19,10,19
28,Salomo Prestage,Male,19,error: undefined method `first' for nil:NilClass,"[{},{},{},{},{},{},{},{},{},{}]",error: undefined method `first' for nil:NilClass,51,97,74,148,69,21,45,90,69,32,51,101
29,Mariann Antrobus,Female,17,error: undefined method `first' for nil:NilClass,"[{},{},{},{},{},{},{},{},{},{}]",error: undefined method `first' for nil:NilClass,31,24,28,55,74,42,58,116,45,98,72,143
30,Josy Passy,Female,14,error: undefined method `first' for nil:NilClass,"[{},{},{},{},{},{},{},{},{},{}]",error: undefined method `first' for nil:NilClass,44,54,49,98,100,91,96,191,49,12,31,61
31,Kelsey Stranahan,Male,21,error: undefined method `first' for nil:NilClass,"[{},{},{},{},{},{},{},{}]",error: undefined method `first' for nil:NilClass,22,79,51,101,13,93,53,106,22,37,30,59
32,Orelia Nix,Female,18,error: undefined method `first' for nil:NilClass,"[{},{},{},{},{},{},{},{},{}]",error: undefined method `first' for nil:NilClass,57,22,40,79,46,33,40,79,38,94,66,132
33,Jasmina Jossel,Female,14,error: undefined method `first' for nil:NilClass,"[{},{},{},{},{},{},{},{},{},{},{},{}]",error: undefined method `first' for nil:NilClass,79,53,66,132,26,48,37,74,75,57,66,132
34,Wes Medley,Male,20,error: undefined method `first' for nil:NilClass,"[{},{},{},{},{},{},{},{},{},{},{}]",error: undefined method `first' for nil:NilClass,14,46,30,60,50,70,60,120,88,89,89,177
35,Elfrieda Cockaday,Female,18,error: undefined method `first' for nil:NilClass,"[{},{},{},{},{},{},{},{},{},{}]",error: undefined method `first' for nil:NilClass,45,66,56,111,61,99,80,160,1,47,24,48
36,Dav Masden,Male,22,error: undefined method `first' for nil:NilClass,"[{},{},{},{},{},{},{},{},{},{},{},{}]",error: undefined method `first' for nil:NilClass,78,72,75,150,66,98,82,164,97,91,94,188
37,Kaela Benoit,Female,15,error: undefined method `first' for nil:NilClass,"[{},{},{},{},{},{},{},{},{},{}]",error: undefined method `first' for nil:NilClass,79,45,62,124,78,65,72,143,77,87,82,164
38,Vail Stovell,Male,15,error: undefined method `first' for nil:NilClass,"[{},{},{},{},{},{},{},{}]",error: undefined method `first' for nil:NilClass,74,19,47,93,98,40,69,138,66,26,46,92
39,Mischa Clother,Male,14,error: undefined method `first' for nil:NilClass,"[{},{},{},{},{},{},{},{},{},{},{}]",error: undefined method `first' for nil:NilClass,94,8,51,102,15,59,37,74,22,83,53,105
40,Ewan Slater,Male,20,error: undefined method `first' for nil:NilClass,"[{},{},{},{},{},{},{},{},{},{},{},{}]",error: undefined method `first' for nil:NilClass,36,71,54,107,37,35,36,72,73,41,57,114
41,Burton Petrozzi,Male,21,error: undefined method `first' for nil:NilClass,"[{},{},{},{},{},{},{},{},{},{},{}]",error: undefined method `first' for nil:NilClass,78,72,75,150,18,0,9,18,36,0,18,36
42,Allister Astling,Male,21,error: undefined method `first' for nil:NilClass,"[{},{},{},{},{},{},{},{},{},{},{},{}]",error: undefined method `first' for nil:NilClass,34,70,52,104,81,91,86,172,12,66,39,78
43,Mirabella Gallon,Female,17,error: undefined method `first' for nil:NilClass,"[{},{},{},{},{},{},{},{}]",error: undefined method `first' for nil:NilClass,62,98,80,160,71,96,84,167,23,45,34,68
44,Lucina Kevern,Female,15,error: undefined method `first' for nil:NilClass,"[{},{},{},{},{},{},{},{},{},{},{},{}]",error: undefined method `first' for nil:NilClass,29,75,52,104,92,56,74,148,18,45,32,63
45,Claudio St. John,Male,22,error: undefined method `first' for nil:NilClass,"[{},{},{},{},{},{},{},{},{},{},{}]",error: undefined method `first' for nil:NilClass,20,64,42,84,46,54,50,100,10,95,53,105
46,Conrad Pezey,Male,21,error: undefined method `first' for nil:NilClass,"[{},{},{},{},{},{},{},{},{},{}]",error: undefined method `first' for nil:NilClass,74,46,60,120,82,51,67,133,65,88,77,153
47,Sonny Toner,Male,20,error: undefined method `first' for nil:NilClass,"[{},{},{},{},{},{},{},{},{}]",error: undefined method `first' for nil:NilClass,18,12,15,30,41,73,57,114,7,37,22,44
48,Glynn Dales,Male,21,error: undefined method `first' for nil:NilClass,"[{},{},{},{},{},{},{},{}]",error: undefined method `first' for nil:NilClass,89,88,89,177,34,77,56,111,16,44,30,60
49,Margarete Lush,Female,20,error: undefined method `first' for nil:NilClass,"[{},{},{},{},{},{},{},{},{},{},{}]",error: undefined method `first' for nil:NilClass,7,79,43,86,52,62,57,114,51,98,75,149
50,Hershel Pawlata,Male,17,error: undefined method `first' for nil:NilClass,"[{},{},{},{},{},{},{},{},{},{}]",error: undefined method `first' for nil:NilClass,55,79,67,134,38,21,30,59,52,73,63,125
51,Binni Hovard,Female,16,error: undefined method `first' for nil:NilClass,"[{},{},{},{},{},{},{},{}]",error: undefined method `first' for nil:NilClass,73,93,83,166,10,67,39,77,72,70,71,142
52,Irita Lenihan,Female,21,error: undefined method `first' for nil:NilClass,"[{},{},{},{},{},{},{},{},{},{},{},{}]",error: undefined method `first' for nil:NilClass,67,37,52,104,17,98,58,115,22,26,24,48
53,Rafaela Pareman,Female,17,error: undefined method `first' for nil:NilClass,"[{},{},{},{},{},{},{},{}]",error: undefined method `first' for nil:NilClass,77,97,87,174,6,5,6,11,24,77,51,101
54,Bevan Adamowitz,Male,20,error: undefined method `first' for nil:NilClass,"[{},{},{},{},{},{},{},{},{}]",error: undefined method `first' for nil:NilClass,5,49,27,54,93,85,89,178,76,7,42,83
55,Herve Keedwell,Male,22,error: undefined method `first' for nil:NilClass,"[{},{},{},{},{},{},{},{},{},{}]",error: undefined method `first' for nil:NilClass,35,61,48,96,32,31,32,63,65,77,71,142
56,Dewain Winfrey,Male,19,error: undefined method `first' for nil:NilClass,"[{},{},{},{},{},{},{},{},{},{}]",error: undefined method `first' for nil:NilClass,98,13,56,111,50,77,64,127,99,21,60,120
57,Wallie Fincher,Female,22,error: undefined method `first' for nil:NilClass,"[{},{},{},{},{},{},{},{}]",error: undefined method `first' for nil:NilClass,7,29,18,36,15,15,15,30,69,22,46,91
58,Reginald Tozer,Male,14,error: undefined method `first' for nil:NilClass,"[{},{},{},{},{},{},{},{},{}]",error: undefined method `first' for nil:NilClass,3,3,3,6,51,88,70,139,22,19,21,41
59,Serge Shawcross,Male,16,error: undefined method `first' for nil:NilClass,"[{},{},{},{},{},{},{},{},{},{},{}]",error: undefined method `first' for nil:NilClass,43,53,48,96,80,65,73,145,39,83,61,122
60,Rem Scotti,Male,14,error: undefined method `first' for nil:NilClass,"[{},{},{},{},{},{},{},{},{},{},{},{}]",error: undefined method `first' for nil:NilClass,16,10,13,26,58,2,30,60,6,12,9,18
61,Malissa Fairebrother,Female,18,error: undefined method `first' for nil:NilClass,"[{},{},{},{},{},{},{},{},{},{}]",error: undefined method `first' for nil:NilClass,70,83,77,153,52,89,71,141,48,92,70,140
62,Fitz Bassingden,Male,15,error: undefined method `first' for nil:NilClass,"[{},{},{},{},{},{},{},{},{}]",error: undefined method `first' for nil:NilClass,47,9,28,56,76,86,81,162,45,99,72,144
63,Minni Giraudo,Female,14,error: undefined method `first' for nil:NilClass,"[{},{},{},{},{},{},{},{},{},{}]",error: undefined method `first' for nil:NilClass,11,29,20,40,8,84,46,92,37,85,61,122
64,Jeddy Laterza,Male,14,error: undefined method `first' for nil:NilClass,"[{},{},{},{},{},{},{},{},{},{},{}]",error: undefined method `first' for nil:NilClass,53,64,59,117,45,72,59,117,62,27,45,89
65,Christen Pennycook,Female,14,error: undefined method `first' for nil:NilClass,"[{},{},{},{},{},{},{},{},{},{},{}]",error: undefined method `first' for nil:NilClass,87,62,75,149,35,36,36,71,27,76,52,103
66,Carissa Kerfod,Female,16,error: undefined method `first' for nil:NilClass,"[{},{},{},{},{},{},{},{}]",error: undefined method `first' for nil:NilClass,7,67,37,74,93,42,68,135,62,85,74,147
67,Hanny Attrie,Female,20,error: undefined method `first' for nil:NilClass,"[{},{},{},{},{},{},{},{},{},{},{}]",error: undefined method `first' for nil:NilClass,19,86,53,105,20,87,54,107,2,41,22,43
68,Blakeley Christofle,Female,21,error: undefined method `first' for nil:NilClass,"[{},{},{},{},{},{},{},{},{},{},{}]",error: undefined method `first' for nil:NilClass,22,47,35,69,58,33,46,91,33,19,26,52
69,Claybourne Crippin,Male,22,error: undefined method `first' for nil:NilClass,"[{},{},{},{},{},{},{},{},{}]",error: undefined method `first' for nil:NilClass,25,46,36,71,37,50,44,87,61,26,44,87
70,Armin D'Alessandro,Male,21,error: undefined method `first' for nil:NilClass,"[{},{},{},{},{},{},{},{},{},{},{}]",error: undefined method `first' for nil:NilClass,73,38,56,111,49,44,47,93,44,53,49,97
71,Estrellita McAleese,Female,18,error: undefined method `first' for nil:NilClass,"[{},{},{},{},{},{},{},{},{},{},{},{}]",error: undefined method `first' for nil:NilClass,55,45,50,100,41,64,53,105,90,94,92,184
72,Nertie Healings,Female,17,error: undefined method `first' for nil:NilClass,"[{},{},{},{},{},{},{},{}]",error: undefined method `first' for nil:NilClass,52,42,47,94,26,3,15,29,69,26,48,95
73,Junette Boylin,Female,20,error: undefined method `first' for nil:NilClass,"[{},{},{},{},{},{},{},{}]",error: undefined method `first' for nil:NilClass,94,4,49,98,61,74,68,135,69,73,71,142
74,Francoise Threlkeld,Female,15,error: undefined method `first' for nil:NilClass,"[{},{},{},{},{},{},{},{},{}]",error: undefined method `first' for nil:NilClass,61,14,38,75,4,34,19,38,7,22,15,29
75,Lizzy Claque,Female,20,error: undefined method `first' for nil:NilClass,"[{},{},{},{},{},{},{},{},{},{},{}]",error: undefined method `first' for nil:NilClass,8,72,40,80,1,20,11,21,37,95,66,132
76,Dylan Goodricke,Male,19,error: undefined method `first' for nil:NilClass,"[{},{},{},{},{},{},{},{},{},{},{},{}]",error: undefined method `first' for nil:NilClass,83,75,79,158,100,57,79,157,59,47,53,106
77,Alic Burgyn,Male,20,error: undefined method `first' for nil:NilClass,"[{},{},{},{},{},{},{},{},{}]",error: undefined method `first' for nil:NilClass,58,59,59,117,21,64,43,85,88,30,59,118
78,Birk Mosey,Male,21,error: undefined method `first' for nil:NilClass,"[{},{},{},{},{},{},{},{},{}]",error: undefined method `first' for nil:NilClass,44,35,40,79,2,35,19,37,63,20,42,83
79,Gilda MacDunleavy,Female,15,error: undefined method `first' for nil:NilClass,"[{},{},{},{},{},{},{},{}]",error: undefined method `first' for nil:NilClass,29,62,46,91,54,84,69,138,31,37,34,68
80,Christiana McCambridge,Female,21,error: undefined method `first' for nil:NilClass,"[{},{},{},{},{},{},{},{},{},{},{},{}]",error: undefined method `first' for nil:NilClass,96,72,84,168,77,54,66,131,12,4,8,16
81,Ulric Scullard,Male,20,error: undefined method `first' for nil:NilClass,"[{},{},{},{},{},{},{},{},{},{},{}]",error: undefined method `first' for nil:NilClass,97,49,73,146,24,75,50,99,60,48,54,108
82,Nikolai Mithan,Male,15,error: undefined method `first' for nil:NilClass,"[{},{},{},{},{},{},{},{},{},{},{}]",error: undefined method `first' for nil:NilClass,22,48,35,70,15,76,46,91,6,87,47,93
83,Christiano Rushworth,Male,17,error: undefined method `first' for nil:NilClass,"[{},{},{},{},{},{},{},{},{}]",error: undefined method `first' for nil:NilClass,85,31,58,116,59,72,66,131,92,70,81,162
84,Laurent Lilburne,Male,20,error: undefined method `first' for nil:NilClass,"[{},{},{},{},{},{},{},{}]",error: undefined method `first' for nil:NilClass,47,13,30,60,84,64,74,148,46,9,28,55
85,Meryl Goodey,Female,17,error: undefined method `first' for nil:NilClass,"[{},{},{},{},{},{},{},{},{},{}]",error: undefined method `first' for nil:NilClass,89,39,64,128,93,98,96,191,43,2,23,45
86,Dion Pitney,Male,17,error: undefined method `first' for nil:NilClass,"[{},{},{},{},{},{},{},{},{},{},{},{}]",error: undefined method `first' for nil:NilClass,14,72,43,86,12,6,9,18,23,60,42,83
87,Vince Rockliffe,Male,22,error: undefined method `first' for nil:NilClass,"[{},{},{},{},{},{},{},{},{},{}]",error: undefined method `first' for nil:NilClass,72,40,56,112,1,17,9,18,47,96,72,143
88,Coletta Rolfi,Female,14,error: undefined method `first' for nil:NilClass,"[{},{},{},{},{},{},{},{},{}]",error: undefined method `first' for nil:NilClass,31,71,51,102,18,32,25,50,33,72,53,105
89,Deanna Gear,Female,17,error: undefined method `first' for nil:NilClass,"[{},{},{},{},{},{},{},{},{}]",error: undefined method `first' for nil:NilClass,86,48,67,134,32,42,37,74,66,11,39,77
90,Ugo Deerr,Male,16,error: undefined method `first' for nil:NilClass,"[{},{},{},{},{},{},{},{},{},{},{},{}]",error: undefined method `first' for nil:NilClass,87,37,62,124,27,76,52,103,36,97,67,133
91,Zerk Longfoot,Male,21,error: undefined method `first' for nil:NilClass,"[{},{},{},{},{},{},{},{}]",error: undefined method `first' for nil:NilClass,22,6,14,28,25,31,28,56,39,68,54,107
92,Margette Andretti,Female,22,error: undefined method `first' for nil:NilClass,"[{},{},{},{},{},{},{},{},{},{},{}]",error: undefined method `first' for nil:NilClass,80,91,86,171,68,49,59,117,77,20,49,97
93,Krystalle Shury,Female,21,error: undefined method `first' for nil:NilClass,"[{},{},{},{},{},{},{},{},{}]",error: undefined method `first' for nil:NilClass,14,0,7,14,86,2,44,88,34,33,34,67
94,Lief Cawdron,Male,19,error: undefined method `first' for nil:NilClass,"[{},{},{},{},{},{},{},{},{},{},{}]",error: undefined method `first' for nil:NilClass,18,15,17,33,55,97,76,152,70,93,82,163
95,Burch Wardingley,Male,21,error: undefined method `first' for nil:NilClass,"[{},{},{},{},{},{},{},{}]",error: undefined method `first' for nil:NilClass,66,50,58,116,0,37,19,37,80,9,45,89
96,Barn Huggon,Male,22,error: undefined method `first' for nil:NilClass,"[{},{},{},{},{},{},{},{},{},{},{}]",error: undefined method `first' for nil:NilClass,71,6,39,77,74,16,45,90,70,26,48,96
97,Kym Peert,Female,17,error: undefined method `first' for nil:NilClass,"[{},{},{},{},{},{},{},{},{},{},{}]",error: undefined method `first' for nil:NilClass,54,27,41,81,35,80,58,115,56,100,78,156
98,Brockie Di Bartolomeo,Male,15,error: undefined method `first' for nil:NilClass,"[{},{},{},{},{},{},{},{},{},{},{}]",error: undefined method `first' for nil:NilClass,50,71,61,121,74,8,41,82,53,78,66,131
99,Brew Stolz,Male,14,error: undefined method `first' for nil:NilClass,"[{},{},{},{},{},{},{},{},{}]",error: undefined method `first' for nil:NilClass,8,10,9,18,47,36,42,83,87,73,80,160
100,Chantalle Anthoin,Female,20,error: undefined method `first' for nil:NilClass,"[{},{},{},{},{},{},{},{},{}]",error: undefined method `first' for nil:NilClass,49,82,66,131,85,38,62,123,36,3,20,39
101,Leoine Beekman,Female,15,error: undefined method `first' for nil:NilClass,"[{},{},{},{},{},{},{},{}]",error: undefined method `first' for nil:NilClass,0,91,46,91,31,97,64,128,50,40,45,90
102,Franklin Deeming,Male,21,error: undefined method `first' for nil:NilClass,"[{},{},{},{},{},{},{},{},{},{},{},{}]",error: undefined method `first' for nil:NilClass,97,51,74,148,27,26,27,53,10,2,6,12
103,Marris Kondratenko,Female,21,error: undefined method `first' for nil:NilClass,"[{},{},{},{},{},{},{},{},{},{},{},{}]",error: undefined method `first' for nil:NilClass,29,87,58,116,77,62,70,139,61,51,56,112
104,Rafi Shevlan,Male,18,error: undefined method `first' for nil:NilClass,"[{},{},{},{},{},{},{},{},{},{},{}]",error: undefined method `first' for nil:NilClass,45,40,43,85,79,93,86,172,64,18,41,82
105,Natalee Dorrell,Female,14,error: undefined method `first' for nil:NilClass,"[{},{},{},{},{},{},{},{},{},{},{},{}]",error: undefined method `first' for nil:NilClass,49,70,60,119,7,24,16,31,99,5,52,104
106,Marigold Roblin,Female,16,error: undefined method `first' for nil:NilClass,"[{},{},{},{},{},{},{},{},{},{},{}]",error: undefined method `first' for nil:NilClass,23,56,40,79,27,75,51,102,81,9,45,90
107,Avis Kubica,Female,14,error: undefined method `first' for nil:NilClass,"[{},{},{},{},{},{},{},{}]",error: undefined method `first' for nil:NilClass,14,19,17,33,46,55,51,101,69,100,85,169
108,Shermy Campey,Male,15,error: undefined method `first' for nil:NilClass,"[{},{},{},{},{},{},{},{},{}]",error: undefined method `first' for nil:NilClass,89,82,86,171,55,50,53,105,62,65,64,127
109,Jerry Bishop,Female,18,error: undefined method `first' for nil:NilClass,"[{},{},{},{},{},{},{},{},{},{}]",error: undefined method `first' for nil:NilClass,14,0,7,14,11,17,14,28,56,47,52,103
110,Sky Mapother,Male,18,error: undefined method `first' for nil:NilClass,"[{},{},{},{},{},{},{},{},{},{},{}]",error: undefined method `first' for nil:NilClass,59,4,32,63,52,28,40,80,80,88,84,168
111,Blanche Biesinger,Female,14,error: undefined method `first' for nil:NilClass,"[{},{},{},{},{},{},{},{},{}]",error: undefined method `first' for nil:NilClass,82,38,60,120,35,63,49,98,90,94,92,184
112,Jocelin Joerning,Female,20,error: undefined method `first' for nil:NilClass,"[{},{},{},{},{},{},{},{},{}]",error: undefined method `first' for nil:NilClass,25,88,57,113,69,40,55,109,57,54,56,111
113,Sarge Baudasso,Male,14,error: undefined method `first' for nil:NilClass,"[{},{},{},{},{},{},{},{},{}]",error: undefined method `first' for nil:NilClass,94,91,93,185,87,1,44,88,16,76,46,92
114,Hobey Mattiazzi,Male,16,error: undefined method `first' for nil:NilClass,"[{},{},{},{},{},{},{},{},{},{},{},{}]",error: undefined method `first' for nil:NilClass,7,49,28,56,76,68,72,144,63,70,67,133
115,Borden Ibbitt,Male,21,error: undefined method `first' for nil:NilClass,"[{},{},{},{},{},{},{},{},{},{},{}]",error: undefined method `first' for nil:NilClass,48,83,66,131,35,24,30,59,42,31,37,73
116,Danell Olivelli,Female,16,error: undefined method `first' for nil:NilClass,"[{},{},{},{},{},{},{},{},{}]",error: undefined method `first' for nil:NilClass,55,64,60,119,32,68,50,100,37,93,65,130
117,Boony Vakhonin,Male,15,error: undefined method `first' for nil:NilClass,"[{},{},{},{},{},{},{},{},{},{},{}]",error: undefined method `first' for nil:NilClass,98,11,55,109,18,31,25,49,23,71,47,94
118,Tripp Wogan,Male,16,error: undefined method `first' for nil:NilClass,"[{},{},{},{},{},{},{},{},{},{}]",error: undefined method `first' for nil:NilClass,10,10,10,20,45,59,52,104,69,59,64,128
119,Bail King,Male,21,error: undefined method `first' for nil:NilClass,"[{},{},{},{},{},{},{},{},{},{},{},{}]",error: undefined method `first' for nil:NilClass,79,73,76,152,2,40,21,42,9,60,35,69
120,Vinny Curley,Male,15,error: undefined method `first' for nil:NilClass,"[{},{},{},{},{},{},{},{},{}]",error: undefined method `first' for nil:NilClass,32,100,66,132,87,47,67,134,11,15,13,26
121,Ernst Champ,Male,14,error: undefined method `first' for nil:NilClass,"[{},{},{},{},{},{},{},{},{}]",error: undefined method `first' for nil:NilClass,27,85,56,112,75,31,53,106,24,38,31,62
122,Fredia Brame,Female,20,error: undefined method `first' for nil:NilClass,"[{},{},{},{},{},{},{},{}]",error: undefined method `first' for nil:NilClass,62,87,75,149,53,16,35,69,19,3,11,22
123,Daile Maasze,Female,21,error: undefined method `first' for nil:NilClass,"[{},{},{},{},{},{},{},{},{},{},{}]",error: undefined method `first' for nil:NilClass,58,51,55,109,27,17,22,44,71,56,64,127
124,Hubert Hrus,Male,18,error: undefined method `first' for nil:NilClass,"[{},{},{},{},{},{},{},{},{},{},{}]",error: undefined method `first' for nil:NilClass,56,78,67,134,55,18,37,73,42,58,50,100
125,Brose Reader,Male,19,error: undefined method `first' for nil:NilClass,"[{},{},{},{},{},{},{},{}]",error: undefined method `first' for nil:NilClass,16,56,36,72,38,82,60,120,87,79,83,166
126,Arlyne Mayes,Female,19,error: undefined method `first' for nil:NilClass,"[{},{},{},{},{},{},{},{},{},{}]",error: undefined method `first' for nil:NilClass,69,47,58,116,32,98,65,130,73,60,67,133
127,Garner Allgood,Male,14,error: undefined method `first' for nil:NilClass,"[{},{},{},{},{},{},{},{},{},{}]",error: undefined method `first' for nil:NilClass,58,7,33,65,50,29,40,79,33,100,67,133
128,Riki Palluschek,Female,19,error: undefined method `first' for nil:NilClass,"[{},{},{},{},{},{},{},{}]",error: undefined method `first' for nil:NilClass,73,37,55,110,27,38,33,65,57,22,40,79
129,Ermengarde McConaghy,Female,14,error: undefined method `first' for nil:NilClass,"[{},{},{},{},{},{},{},{},{},{},{}]",error: undefined method `first' for nil:NilClass,60,61,61,121,18,86,52,104,34,34,34,68
130,Skip Rodenborch,Male,16,error: undefined method `first' for nil:NilClass,"[{},{},{},{},{},{},{},{},{},{},{}]",error: undefined method `first' for nil:NilClass,83,86,85,169,77,28,53,105,40,30,35,70
131,Beck Baptista,Male,16,error: undefined method `first' for nil:NilClass,"[{},{},{},{},{},{},{},{},{}]",error: undefined method `first' for nil:NilClass,74,65,70,139,99,49,74,148,98,67,83,165
132,Toddy Simonel,Male,15,error: undefined method `first' for nil:NilClass,"[{},{},{},{},{},{},{},{}]",error: undefined method `first' for nil:NilClass,62,69,66,131,30,21,26,51,68,18,43,86
133,Cletus Brigstock,Male,17,error: undefined method `first' for nil:NilClass,"[{},{},{},{},{},{},{},{},{},{},{},{}]",error: undefined method `first' for nil:NilClass,94,63,79,157,55,10,33,65,39,11,25,50
134,Ogdon Kirtlan,Male,20,error: undefined method `first' for nil:NilClass,"[{},{},{},{},{},{},{},{},{}]",error: undefined method `first' for nil:NilClass,81,72,77,153,6,42,24,48,49,58,54,107
135,Carilyn Henrie,Female,18,error: undefined method `first' for nil:NilClass,"[{},{},{},{},{},{},{},{},{},{},{}]",error: undefined method `first' for nil:NilClass,76,0,38,76,7,14,11,21,82,20,51,102
136,Paule MacAiline,Female,15,error: undefined method `first' for nil:NilClass,"[{},{},{},{},{},{},{},{},{},{}]",error: undefined method `first' for nil:NilClass,64,45,55,109,4,39,22,43,74,97,86,171
137,Andres Crates,Male,21,error: undefined method `first' for nil:NilClass,"[{},{},{},{},{},{},{},{},{}]",error: undefined method `first' for nil:NilClass,62,100,81,162,92,85,89,177,86,28,57,114
138,Roxana Skeel,Female,19,error: undefined method `first' for nil:NilClass,"[{},{},{},{},{},{},{},{}]",error: undefined method `first' for nil:NilClass,46,86,66,132,1,26,14,27,22,81,52,103
139,Marrissa Walcar,Female,14,error: undefined method `first' for nil:NilClass,"[{},{},{},{},{},{},{},{},{}]",error: undefined method `first' for nil:NilClass,84,45,65,129,34,38,36,72,81,33,57,114
140,Jaymee Fancutt,Female,14,error: undefined method `first' for nil:NilClass,"[{},{},{},{},{},{},{},{}]",error: undefined method `first' for nil:NilClass,13,65,39,78,77,1,39,78,66,46,56,112
141,Willy Figures,Male,20,error: undefined method `first' for nil:NilClass,"[{},{},{},{},{},{},{},{},{},{},{},{}]",error: undefined method `first' for nil:NilClass,56,44,50,100,21,91,56,112,11,88,50,99
142,Ariela Tace,Female,16,error: undefined method `first' for nil:NilClass,"[{},{},{},{},{},{},{},{},{}]",error: undefined method `first' for nil:NilClass,96,70,83,166,67,40,54,107,74,49,62,123
143,Laney Diggons,Male,14,error: undefined method `first' for nil:NilClass,"[{},{},{},{},{},{},{},{},{},{},{},{}]",error: undefined method `first' for nil:NilClass,76,5,41,81,77,26,52,103,19,6,13,25
144,Olga Castagno,Female,19,error: undefined method `first' for nil:NilClass,"[{},{},{},{},{},{},{},{},{},{}]",error: undefined method `first' for nil:NilClass,68,46,57,114,85,85,85,170,21,50,36,71
145,Meryl Pritchett,Female,18,error: undefined method `first' for nil:NilClass,"[{},{},{},{},{},{},{},{}]",error: undefined method `first' for nil:NilClass,82,28,55,110,18,99,59,117,76,47,62,123
146,Cherry Eyres,Female,20,error: undefined method `first' for nil:NilClass,"[{},{},{},{},{},{},{},{},{}]",error: undefined method `first' for nil:NilClass,61,27,44,88,60,10,35,70,23,34,29,57
147,Emmy Conerding,Female,18,error: undefined method `first' for nil:NilClass,"[{},{},{},{},{},{},{},{},{},{},{},{}]",error: undefined method `first' for nil:NilClass,78,81,80,159,92,47,70,139,24,81,53,105
148,Alexandra Fronzek,Female,17,error: undefined method `first' for nil:NilClass,"[{},{},{},{},{},{},{},{},{},{},{},{}]",error: undefined method `first' for nil:NilClass,6,27,17,33,57,80,69,137,59,73,66,132
149,Ayn Taile,Female,18,error: undefined method `first' for nil:NilClass,"[{},{},{},{},{},{},{},{},{},{},{},{}]",error: undefined method `first' for nil:NilClass,20,55,38,75,95,85,90,180,95,76,86,171
150,Far Berzins,Male,14,error: undefined method `first' for nil:NilClass,"[{},{},{},{},{},{},{},{},{}]",error: undefined method `first' for nil:NilClass,88,90,89,178,63,70,67,133,77,72,75,149
151,Harmonie Slay,Female,17,error: undefined method `first' for nil:NilClass,"[{},{},{},{},{},{},{},{},{}]",error: undefined method `first' for nil:NilClass,0,53,27,53,42,22,32,64,95,47,71,142
152,Katharyn Lembke,Female,14,error: undefined method `first' for nil:NilClass,"[{},{},{},{},{},{},{},{},{},{},{}]",error: undefined method `first' for nil:NilClass,95,78,87,173,99,69,84,168,11,68,40,79
153,Keelia Jaume,Female,20,error: undefined method `first' for nil:NilClass,"[{},{},{},{},{},{},{},{}]",error: undefined method `first' for nil:NilClass,76,36,56,112,91,36,64,127,20,84,52,104
154,Ragnar Ganderton,Male,21,error: undefined method `first' for nil:NilClass,"[{},{},{},{},{},{},{},{},{},{},{},{}]",error: undefined method `first' for nil:NilClass,78,0,39,78,97,1,49,98,39,52,46,91
155,Lurleen Ewles,Female,15,error: undefined method `first' for nil:NilClass,"[{},{},{},{},{},{},{},{},{},{},{}]",error: undefined method `first' for nil:NilClass,58,10,34,68,58,58,58,116,72,16,44,88
156,Rachelle Radbone,Female,19,error: undefined method `first' for nil:NilClass,"[{},{},{},{},{},{},{},{},{},{}]",error: undefined method `first' for nil:NilClass,4,41,23,45,6,18,12,24,32,15,24,47
157,Amory Pass,Male,21,error: undefined method `first' for nil:NilClass,"[{},{},{},{},{},{},{},{},{},{},{},{}]",error: undefined method `first' for nil:NilClass,12,4,8,16,53,27,40,80,10,68,39,78
158,Dorothy Holdren,Female,20,error: undefined method `first' for nil:NilClass,"[{},{},{},{},{},{},{},{},{},{}]",error: undefined method `first' for nil:NilClass,72,95,84,167,63,51,57,114,81,68,75,149
159,Frederico Stiegar,Male,17,error: undefined method `first' for nil:NilClass,"[{},{},{},{},{},{},{},{},{}]",error: undefined method `first' for nil:NilClass,12,97,55,109,79,20,50,99,97,6,52,103
160,Nikkie MacGuffie,Female,15,error: undefined method `first' for nil:NilClass,"[{},{},{},{},{},{},{},{},{}]",error: undefined method `first' for nil:NilClass,95,36,66,131,51,64,58,115,72,70,71,142
161,Antonio Everleigh,Male,21,error: undefined method `first' for nil:NilClass,"[{},{},{},{},{},{},{},{},{},{},{}]",error: undefined method `first' for nil:NilClass,2,43,23,45,62,50,56,112,70,83,77,153
162,Katina Sangster,Female,22,error: undefined method `first' for nil:NilClass,"[{},{},{},{},{},{},{},{},{},{},{}]",error: undefined method `first' for nil:NilClass,87,12,50,99,46,16,31,62,74,43,59,117
163,Mort Conaghy,Male,17,error: undefined method `first' for nil:NilClass,"[{},{},{},{},{},{},{},{},{},{},{}]",error: undefined method `first' for nil:NilClass,100,28,64,128,69,44,57,113,63,85,74,148
164,Tanny Twede,Male,18,error: undefined method `first' for nil:NilClass,"[{},{},{},{},{},{},{},{}]",error: undefined method `first' for nil:NilClass,19,8,14,27,37,7,22,44,63,17,40,80
165,Sophronia Edelmann,Female,14,error: undefined method `first' for nil:NilClass,"[{},{},{},{},{},{},{},{}]",error: undefined method `first' for nil:NilClass,89,14,52,103,36,45,41,81,70,23,47,93
166,Yovonnda Feldberg,Female,18,error: undefined method `first' for nil:NilClass,"[{},{},{},{},{},{},{},{},{},{},{},{}]",error: undefined method `first' for nil:NilClass,87,80,84,167,67,71,69,138,38,58,48,96
167,Jamey Awton,Male,17,error: undefined method `first' for nil:NilClass,"[{},{},{},{},{},{},{},{},{}]",error: undefined method `first' for nil:NilClass,62,10,36,72,30,9,20,39,60,74,67,134
168,Roley Minmagh,Male,18,error: undefined method `first' for nil:NilClass,"[{},{},{},{},{},{},{},{},{}]",error: undefined method `first' for nil:NilClass,37,96,67,133,28,29,29,57,21,23,22,44
169,Della Ciccetti,Female,21,error: undefined method `first' for nil:NilClass,"[{},{},{},{},{},{},{},{},{}]",error: undefined method `first' for nil:NilClass,32,95,64,127,88,2,45,90,38,11,25,49
170,Melisent Ashment,Female,17,error: undefined method `first' for nil:NilClass,"[{},{},{},{},{},{},{},{},{}]",error: undefined method `first' for nil:NilClass,69,17,43,86,49,0,25,49,8,68,38,76
171,Gordie Simunek,Male,19,error: undefined method `first' for nil:NilClass,"[{},{},{},{},{},{},{},{},{},{}]",error: undefined method `first' for nil:NilClass,28,32,30,60,30,67,49,97,91,60,76,151
172,Sonny Weiss,Female,16,error: undefined method `first' for nil:NilClass,"[{},{},{},{},{},{},{},{},{},{},{}]",error: undefined method `first' for nil:NilClass,32,35,34,67,39,66,53,105,74,27,51,101
173,Filip Glasard,Male,17,error: undefined method `first' for nil:NilClass,"[{},{},{},{},{},{},{},{},{},{},{}]",error: undefined method `first' for nil:NilClass,28,50,39,78,61,91,76,152,47,90,69,137
174,Tonya Ajsik,Female,19,error: undefined method `first' for nil:NilClass,"[{},{},{},{},{},{},{},{},{},{}]",error: undefined method `first' for nil:NilClass,76,38,57,114,14,85,50,99,55,40,48,95
175,Aurore Walenta,Female,17,error: undefined method `first' for nil:NilClass,"[{},{},{},{},{},{},{},{},{},{},{},{}]",error: undefined method `first' for nil:NilClass,97,88,93,185,36,56,46,92,57,42,50,99
176,Ruggiero Whittick,Male,14,error: undefined method `first' for nil:NilClass,"[{},{},{},{},{},{},{},{},{},{},{},{}]",error: undefined method `first' for nil:NilClass,23,78,51,101,90,18,54,108,69,86,78,155
177,Jeannette Jirus,Female,19,error: undefined method `first' for nil:NilClass,"[{},{},{},{},{},{},{},{}]",error: undefined method `first' for nil:NilClass,7,15,11,22,27,23,25,50,89,100,95,189
178,Hugibert Poyzer,Male,19,error: undefined method `first' for nil:NilClass,"[{},{},{},{},{},{},{},{},{},{},{}]",error: undefined method `first' for nil:NilClass,85,35,60,120,69,71,70,140,7,50,29,57
179,Kipper Wignall,Male,14,error: undefined method `first' for nil:NilClass,"[{},{},{},{},{},{},{},{},{}]",error: undefined method `first' for nil:NilClass,40,36,38,76,35,26,31,61,54,63,59,117
180,Euphemia Feldfisher,Female,21,error: undefined method `first' for nil:NilClass,"[{},{},{},{},{},{},{},{},{},{},{}]",error: undefined method `first' for nil:NilClass,91,50,71,141,49,29,39,78,16,33,25,49
181,Vevay Andreini,Female,18,error: undefined method `first' for nil:NilClass,"[{},{},{},{},{},{},{},{},{},{},{}]",error: undefined method `first' for nil:NilClass,13,76,45,89,64,73,69,137,49,68,59,117
182,Jeni Midlane,Female,22,error: undefined method `first' for nil:NilClass,"[{},{},{},{},{},{},{},{},{}]",error: undefined method `first' for nil:NilClass,30,43,37,73,94,75,85,169,89,44,67,133
183,Ardis McGrah,Female,18,error: undefined method `first' for nil:NilClass,"[{},{},{},{},{},{},{},{},{},{},{}]",error: undefined method `first' for nil:NilClass,6,48,27,54,67,57,62,124,0,94,47,94
184,Debbi Iczokvitz,Female,22,error: undefined method `first' for nil:NilClass,"[{},{},{},{},{},{},{},{},{},{},{}]",error: undefined method `first' for nil:NilClass,37,42,40,79,46,85,66,131,3,8,6,11
185,Karalynn Radoux,Female,21,error: undefined method `first' for nil:NilClass,"[{},{},{},{},{},{},{},{},{}]",error: undefined method `first' for nil:NilClass,52,2,27,54,61,84,73,145,25,58,42,83
186,Mozes Prazor,Male,19,error: undefined method `first' for nil:NilClass,"[{},{},{},{},{},{},{},{}]",error: undefined method `first' for nil:NilClass,36,100,68,136,72,91,82,163,61,38,50,99
187,Douglas Anersen,Male,22,error: undefined method `first' for nil:NilClass,"[{},{},{},{},{},{},{},{},{},{},{}]",error: undefined method `first' for nil:NilClass,90,29,60,119,43,42,43,85,79,25,52,104
188,Tamara Nutty,Female,19,error: undefined method `first' for nil:NilClass,"[{},{},{},{},{},{},{},{},{},{}]",error: undefined method `first' for nil:NilClass,61,37,49,98,86,1,44,87,27,71,49,98
189,Toby Salerg,Female,21,error: undefined method `first' for nil:NilClass,"[{},{},{},{},{},{},{},{},{}]",error: undefined method `first' for nil:NilClass,57,80,69,137,13,62,38,75,90,79,85,169
190,Kristoffer Ruppel,Male,19,error: undefined method `first' for nil:NilClass,"[{},{},{},{},{},{},{},{}]",error: undefined method `first' for nil:NilClass,4,23,14,27,78,44,61,122,60,92,76,152
191,Ellette Rego,Female,16,error: undefined method `first' for nil:NilClass,"[{},{},{},{},{},{},{},{},{}]",error: undefined method `first' for nil:NilClass,72,95,84,167,90,80,85,170,15,32,24,47
192,Padget Millichap,Male,22,error: undefined method `first' for nil:NilClass,"[{},{},{},{},{},{},{},{},{},{},{}]",error: undefined method `first' for nil:NilClass,90,76,83,166,68,68,68,136,61,74,68,135
193,Jeremy Ghiron,Male,14,error: undefined method `first' for nil:NilClass,"[{},{},{},{},{},{},{},{},{},{},{},{}]",error: undefined method `first' for nil:NilClass,55,61,58,116,88,20,54,108,100,83,92,183
194,Rafaelita Espada,Female,19,error: undefined method `first' for nil:NilClass,"[{},{},{},{},{},{},{},{},{},{}]",error: undefined method `first' for nil:NilClass,48,56,52,104,69,51,60,120,58,87,73,145
195,Marris Arkley,Female,18,error: undefined method `first' for nil:NilClass,"[{},{},{},{},{},{},{},{},{},{}]",error: undefined method `first' for nil:NilClass,51,73,62,124,71,46,59,117,46,86,66,132
196,Yovonnda Cromwell,Female,17,error: undefined method `first' for nil:NilClass,"[{},{},{},{},{},{},{},{},{},{},{}]",error: undefined method `first' for nil:NilClass,100,68,84,168,25,62,44,87,5,40,23,45
197,Thaddus Grishukov,Male,22,error: undefined method `first' for nil:NilClass,"[{},{},{},{},{},{},{},{},{},{}]",error: undefined method `first' for nil:NilClass,31,92,62,123,79,76,78,155,45,68,57,113
198,Rem Illwell,Male,17,error: undefined method `first' for nil:NilClass,"[{},{},{},{},{},{},{},{},{}]",error: undefined method `first' for nil:NilClass,12,33,23,45,28,96,62,124,46,1,24,47
199,Jory Doncom,Male,14,error: undefined method `first' for nil:NilClass,"[{},{},{},{},{},{},{},{}]",error: undefined method `first' for nil:NilClass,44,40,42,84,1,61,31,62,4,58,31,62
200,Staffard Ivanchin,Male,16,error: undefined method `first' for nil:NilClass,"[{},{},{},{},{},{},{},{},{}]",error: undefined method `first' for nil:NilClass,23,76,50,99,72,34,53,106,18,90,54,108
201,Leland Gribben,Female,15,error: undefined method `first' for nil:NilClass,"[{},{},{},{},{},{},{},{},{},{},{}]",error: undefined method `first' for nil:NilClass,99,59,79,158,17,20,19,37,9,28,19,37
202,Fredia Passmore,Female,17,error: undefined method `first' for nil:NilClass,"[{},{},{},{},{},{},{},{},{},{},{},{}]",error: undefined method `first' for nil:NilClass,67,67,67,134,73,6,40,79,67,10,39,77
203,Esme Marrian,Female,21,error: undefined method `first' for nil:NilClass,"[{},{},{},{},{},{},{},{},{},{},{}]",error: undefined method `first' for nil:NilClass,24,55,40,79,1,72,37,73,31,15,23,46
204,Ermengarde Carless,Female,19,error: undefined method `first' for nil:NilClass,"[{},{},{},{},{},{},{},{},{},{}]",error: undefined method `first' for nil:NilClass,54,94,74,148,30,34,32,64,33,3,18,36
205,Hurleigh Poxton,Male,18,error: undefined method `first' for nil:NilClass,"[{},{},{},{},{},{},{},{},{},{},{},{}]",error: undefined method `first' for nil:NilClass,93,16,55,109,79,5,42,84,99,39,69,138
206,Dexter Mathwen,Male,20,error: undefined method `first' for nil:NilClass,"[{},{},{},{},{},{},{},{},{},{},{}]",error: undefined method `first' for nil:NilClass,74,25,50,99,72,62,67,134,43,60,52,103
207,Elroy Rapi,Male,18,error: undefined method `first' for nil:NilClass,"[{},{},{},{},{},{},{},{},{}]",error: undefined method `first' for nil:NilClass,14,89,52,103,84,43,64,127,50,66,58,116
208,Cord Kall,Male,16,error: undefined method `first' for nil:NilClass,"[{},{},{},{},{},{},{},{},{},{}]",error: undefined method `first' for nil:NilClass,45,87,66,132,63,59,61,122,8,12,10,20
209,Demetria Crose,Female,19,error: undefined method `first' for nil:NilClass,"[{},{},{},{},{},{},{},{},{}]",error: undefined method `first' for nil:NilClass,15,63,39,78,81,99,90,180,8,58,33,66
210,Rocky Catlin,Male,21,error: undefined method `first' for nil:NilClass,"[{},{},{},{},{},{},{},{},{},{},{}]",error: undefined method `first' for nil:NilClass,16,94,55,110,50,83,67,133,46,77,62,123
211,Kelwin Westrip,Male,18,error: undefined method `first' for nil:NilClass,"[{},{},{},{},{},{},{},{},{}]",error: undefined method `first' for nil:NilClass,37,7,22,44,22,18,20,40,37,78,58,115
212,Piotr Marron,Male,15,error: undefined method `first' for nil:NilClass,"[{},{},{},{},{},{},{},{},{},{},{}]",error: undefined method `first' for nil:NilClass,94,93,94,187,63,33,48,96,89,21,55,110
213,Cherice Grassick,Female,20,error: undefined method `first' for nil:NilClass,"[{},{},{},{},{},{},{},{}]",error: undefined method `first' for nil:NilClass,58,22,40,80,24,19,22,43,5,94,50,99
214,Archaimbaud Ranfield,Male,14,error: undefined method `first' for nil:NilClass,"[{},{},{},{},{},{},{},{},{}]",error: undefined method `first' for nil:NilClass,99,43,71,142,55,48,52,103,72,87,80,159
215,Shirley Watkiss,Female,22,error: undefined method `first' for nil:NilClass,"[{},{},{},{},{},{},{},{},{},{},{}]",error: undefined method `first' for nil:NilClass,35,65,50,100,100,7,54,107,24,96,60,120
216,Antonietta Ruckledge,Female,21,error: undefined method `first' for nil:NilClass,"[{},{},{},{},{},{},{},{},{}]",error: undefined method `first' for nil:NilClass,25,98,62,123,24,42,33,66,44,77,61,121
217,Kendre Bonnyson,Female,19,error: undefined method `first' for nil:NilClass,"[{},{},{},{},{},{},{},{}]",error: undefined method `first' for nil:NilClass,58,50,54,108,71,2,37,73,81,42,62,123
218,Emory Bignold,Male,14,error: undefined method `first' for nil:NilClass,"[{},{},{},{},{},{},{},{}]",error: undefined method `first' for nil:NilClass,12,98,55,110,6,75,41,81,26,65,46,91
219,Noe Revill,Male,22,error: undefined method `first' for nil:NilClass,"[{},{},{},{},{},{},{},{},{},{},{}]",error: undefined method `first' for nil:NilClass,27,18,23,45,13,54,34,67,25,74,50,99
220,Lurleen Muckersie,Female,18,error: undefined method `first' for nil:NilClass,"[{},{},{},{},{},{},{},{},{},{}]",error: undefined method `first' for nil:NilClass,76,44,60,120,34,6,20,40,46,11,29,57
221,Bartholomeus Derks,Male,16,error: undefined method `first' for nil:NilClass,"[{},{},{},{},{},{},{},{},{},{},{},{}]",error: undefined method `first' for nil:NilClass,34,50,42,84,21,92,57,113,42,13,28,55
222,Sallie Garrie,Female,17,error: undefined method `first' for nil:NilClass,"[{},{},{},{},{},{},{},{},{},{},{},{}]",error: undefined method `first' for nil:NilClass,68,15,42,83,40,34,37,74,36,9,23,45
223,Hilde Veck,Female,15,error: undefined method `first' for nil:NilClass,"[{},{},{},{},{},{},{},{},{},{},{},{}]",error: undefined method `first' for nil:NilClass,43,48,46,91,50,77,64,127,89,50,70,139
224,Reagan Newlands,Male,22,error: undefined method `first' for nil:NilClass,"[{},{},{},{},{},{},{},{},{},{},{}]",error: undefined method `first' for nil:NilClass,34,8,21,42,79,63,71,142,93,30,62,123
225,Irita McIvor,Female,17,error: undefined method `first' for nil:NilClass,"[{},{},{},{},{},{},{},{},{},{}]",error: undefined method `first' for nil:NilClass,35,84,60,119,34,5,20,39,10,94,52,104
226,Eada Osband,Female,14,error: undefined method `first' for nil:NilClass,"[{},{},{},{},{},{},{},{},{},{},{}]",error: undefined method `first' for nil:NilClass,90,7,49,97,66,6,36,72,60,35,48,95
227,Leon Kretschmer,Male,22,error: undefined method `first' for nil:NilClass,"[{},{},{},{},{},{},{},{},{}]",error: undefined method `first' for nil:NilClass,50,88,69,138,29,21,25,50,44,25,35,69
228,Abbie Kaesmans,Female,19,error: undefined method `first' for nil:NilClass,"[{},{},{},{},{},{},{},{},{},{}]",error: undefined method `first' for nil:NilClass,56,51,54,107,25,97,61,122,73,31,52,104
229,Reggi Taffs,Female,15,error: undefined method `first' for nil:NilClass,"[{},{},{},{},{},{},{},{},{},{}]",error: undefined method `first' for nil:NilClass,25,55,40,80,20,25,23,45,32,28,30,60
230,Ailee Goldsbrough,Female,18,error: undefined method `first' for nil:NilClass,"[{},{},{},{},{},{},{},{},{},{},{},{}]",error: undefined method `first' for nil:NilClass,27,36,32,63,37,66,52,103,11,92,52,103
231,Waverley Bamford,Male,16,error: undefined method `first' for nil:NilClass,"[{},{},{},{},{},{},{},{},{},{},{},{}]",error: undefined method `first' for nil:NilClass,98,33,66,131,4,64,34,68,33,49,41,82
232,Shena Fuentes,Female,21,error: undefined method `first' for nil:NilClass,"[{},{},{},{},{},{},{},{},{},{},{},{}]",error: undefined method `first' for nil:NilClass,44,98,71,142,47,63,55,110,99,99,99,198
233,Shadow Castellone,Male,19,error: undefined method `first' for nil:NilClass,"[{},{},{},{},{},{},{},{},{}]",error: undefined method `first' for nil:NilClass,75,100,88,175,13,4,9,17,87,65,76,152
234,Adriaens Haliburton,Female,14,error: undefined method `first' for nil:NilClass,"[{},{},{},{},{},{},{},{},{},{}]",error: undefined method `first' for nil:NilClass,3,63,33,66,96,64,80,160,91,81,86,172
235,Madonna Havis,Female,18,error: undefined method `first' for nil:NilClass,"[{},{},{},{},{},{},{},{},{},{}]",error: undefined method `first' for nil:NilClass,68,39,54,107,32,16,24,48,90,63,77,153
236,Gallagher Gladbach,Male,19,error: undefined method `first' for nil:NilClass,"[{},{},{},{},{},{},{},{},{},{},{},{}]",error: undefined method `first' for nil:NilClass,33,42,38,75,90,98,94,188,47,6,27,53
237,Maxi Botting,Female,14,error: undefined method `first' for nil:NilClass,"[{},{},{},{},{},{},{},{},{},{},{}]",error: undefined method `first' for nil:NilClass,35,91,63,126,76,95,86,171,44,9,27,53
238,Rafi Philippson,Male,17,error: undefined method `first' for nil:NilClass,"[{},{},{},{},{},{},{},{},{},{},{},{}]",error: undefined method `first' for nil:NilClass,32,81,57,113,84,20,52,104,16,63,40,79
239,Lay Ferandez,Male,19,error: undefined method `first' for nil:NilClass,"[{},{},{},{},{},{},{},{},{},{},{},{}]",error: undefined method `first' for nil:NilClass,3,57,30,60,27,83,55,110,62,100,81,162
240,Brewster Cleeves,Male,19,error: undefined method `first' for nil:NilClass,"[{},{},{},{},{},{},{},{},{},{},{}]",error: undefined method `first' for nil:NilClass,34,73,54,107,25,47,36,72,65,22,44,87
241,Bayard Andrieu,Male,14,error: undefined method `first' for nil:NilClass,"[{},{},{},{},{},{},{},{},{}]",error: undefined method `first' for nil:NilClass,77,21,49,98,27,11,19,38,49,92,71,141
242,Peadar Handyside,Male,15,error: undefined method `first' for nil:NilClass,"[{},{},{},{},{},{},{},{},{},{}]",error: undefined method `first' for nil:NilClass,1,45,23,46,81,91,86,172,52,52,52,104
243,Meredith Scarlett,Male,15,error: undefined method `first' for nil:NilClass,"[{},{},{},{},{},{},{},{},{},{}]",error: undefined method `first' for nil:NilClass,83,33,58,116,55,45,50,100,1,1,1,2
244,Moss Stening,Male,22,error: undefined method `first' for nil:NilClass,"[{},{},{},{},{},{},{},{},{},{},{},{}]",error: undefined method `first' for nil:NilClass,81,15,48,96,89,61,75,150,21,92,57,113
245,Kris Gatecliffe,Female,15,error: undefined method `first' for nil:NilClass,"[{},{},{},{},{},{},{},{},{},{}]",error: undefined method `first' for nil:NilClass,50,35,43,85,36,37,37,73,99,25,62,124
246,Kristofor Haddington,Male,19,error: undefined method `first' for nil:NilClass,"[{},{},{},{},{},{},{},{}]",error: undefined method `first' for nil:NilClass,97,77,87,174,77,16,47,93,69,28,49,97
247,Alexandre Lavalle,Male,20,error: undefined method `first' for nil:NilClass,"[{},{},{},{},{},{},{},{},{},{},{}]",error: undefined method `first' for nil:NilClass,1,100,51,101,76,85,81,161,84,15,50,99
248,Nikolia Wakes,Female,17,error: undefined method `first' for nil:NilClass,"[{},{},{},{},{},{},{},{},{}]",error: undefined method `first' for nil:NilClass,13,68,41,81,89,50,70,139,16,87,52,103
249,Wittie Askem,Male,17,error: undefined method `first' for nil:NilClass,"[{},{},{},{},{},{},{},{},{},{}]",error: undefined method `first' for nil:NilClass,23,83,53,106,35,99,67,134,3,93,48,96
250,Cherice Culshaw,Female,19,error: undefined method `first' for nil:NilClass,"[{},{},{},{},{},{},{},{}]",error: undefined method `first' for nil:NilClass,57,100,79,157,23,97,60,120,79,44,62,123
251,Neel Dunston,Male,16,error: undefined method `first' for nil:NilClass,"[{},{},{},{},{},{},{},{},{},{}]",error: undefined method `first' for nil:NilClass,85,100,93,185,44,28,36,72,13,59,36,72
252,Valentino Ramelet,Male,14,error: undefined method `first' for nil:NilClass,"[{},{},{},{},{},{},{},{},{}]",error: undefined method `first' for nil:NilClass,49,44,47,93,97,59,78,156,57,35,46,92
253,Laurene Plaskitt,Female,22,error: undefined method `first' for nil:NilClass,"[{},{},{},{},{},{},{},{},{},{},{}]",error: undefined method `first' for nil:NilClass,19,65,42,84,37,50,44,87,40,24,32,64
254,Lothaire Glancey,Male,22,error: undefined method `first' for nil:NilClass,"[{},{},{},{},{},{},{},{},{},{},{}]",error: undefined method `first' for nil:NilClass,36,70,53,106,50,59,55,109,85,97,91,182
255,Kirsti Leyland,Female,21,error: undefined method `first' for nil:NilClass,"[{},{},{},{},{},{},{},{},{},{},{},{}]",error: undefined method `first' for nil:NilClass,59,41,50,100,85,83,84,168,10,34,22,44
256,Denni Croasdale,Female,15,error: undefined method `first' for nil:NilClass,"[{},{},{},{},{},{},{},{},{},{},{},{}]",error: undefined method `first' for nil:NilClass,55,10,33,65,83,18,51,101,98,45,72,143
257,Reynold Lansdown,Male,19,error: undefined method `first' for nil:NilClass,"[{},{},{},{},{},{},{},{},{},{},{}]",error: undefined method `first' for nil:NilClass,75,43,59,118,58,5,32,63,87,44,66,131
258,Arel Million,Male,18,error: undefined method `first' for nil:NilClass,"[{},{},{},{},{},{},{},{},{},{},{}]",error: undefined method `first' for nil:NilClass,97,53,75,150,18,28,23,46,68,9,39,77
259,Hoyt Kornalik,Male,18,error: undefined method `first' for nil:NilClass,"[{},{},{},{},{},{},{},{},{},{},{},{}]",error: undefined method `first' for nil:NilClass,67,71,69,138,26,54,40,80,32,63,48,95
260,Dunn Erley,Male,21,error: undefined method `first' for nil:NilClass,"[{},{},{},{},{},{},{},{},{},{},{}]",error: undefined method `first' for nil:NilClass,63,33,48,96,23,64,44,87,96,92,94,188
261,Lew Pirdy,Male,22,error: undefined method `first' for nil:NilClass,"[{},{},{},{},{},{},{},{},{},{},{}]",error: undefined method `first' for nil:NilClass,14,35,25,49,74,34,54,108,83,88,86,171
262,Tibold Kellart,Male,22,error: undefined method `first' for nil:NilClass,"[{},{},{},{},{},{},{},{},{},{}]",error: undefined method `first' for nil:NilClass,55,45,50,100,84,66,75,150,85,15,50,100
263,Royce Vertey,Male,20,error: undefined method `first' for nil:NilClass,"[{},{},{},{},{},{},{},{},{},{},{}]",error: undefined method `first' for nil:NilClass,45,64,55,109,53,67,60,120,20,91,56,111
264,Irene Maestrini,Female,15,error: undefined method `first' for nil:NilClass,"[{},{},{},{},{},{},{},{},{},{},{},{}]",error: undefined method `first' for nil:NilClass,36,91,64,127,20,96,58,116,22,84,53,106
265,Kalli Andreacci,Female,14,error: undefined method `first' for nil:NilClass,"[{},{},{},{},{},{},{},{},{},{}]",error: undefined method `first' for nil:NilClass,58,89,74,147,65,80,73,145,48,90,69,138
266,Cherilynn Armatys,Female,16,error: undefined method `first' for nil:NilClass,"[{},{},{},{},{},{},{},{},{},{}]",error: undefined method `first' for nil:NilClass,45,35,40,80,73,28,51,101,66,5,36,71
267,Sax Wythill,Male,18,error: undefined method `first' for nil:NilClass,"[{},{},{},{},{},{},{},{},{},{}]",error: undefined method `first' for nil:NilClass,0,41,21,41,48,19,34,67,27,19,23,46
268,Lida Sammes,Female,22,error: undefined method `first' for nil:NilClass,"[{},{},{},{},{},{},{},{},{},{},{}]",error: undefined method `first' for nil:NilClass,62,16,39,78,93,72,83,165,38,73,56,111
269,Lew Nossent,Male,21,error: undefined method `first' for nil:NilClass,"[{},{},{},{},{},{},{},{},{}]",error: undefined method `first' for nil:NilClass,22,75,49,97,26,37,32,63,15,94,55,109
270,Jakie Dammarell,Male,22,error: undefined method `first' for nil:NilClass,"[{},{},{},{},{},{},{},{}]",error: undefined method `first' for nil:NilClass,78,15,47,93,16,85,51,101,21,79,50,100
271,Arthur Swetman,Male,22,error: undefined method `first' for nil:NilClass,"[{},{},{},{},{},{},{},{},{},{}]",error: undefined method `first' for nil:NilClass,90,66,78,156,86,32,59,118,57,13,35,70
272,Anselm Giovannini,Male,22,error: undefined method `first' for nil:NilClass,"[{},{},{},{},{},{},{},{}]",error: undefined method `first' for nil:NilClass,21,89,55,110,1,5,3,6,58,17,38,75
273,Rowen Jelly,Male,17,error: undefined method `first' for nil:NilClass,"[{},{},{},{},{},{},{},{}]",error: undefined method `first' for nil:NilClass,76,26,51,102,66,77,72,143,38,20,29,58
274,Kerry Angelini,Female,15,error: undefined method `first' for nil:NilClass,"[{},{},{},{},{},{},{},{},{},{}]",error: undefined method `first' for nil:NilClass,81,41,61,122,19,27,23,46,60,87,74,147
275,Rowney McCullogh,Male,19,error: undefined method `first' for nil:NilClass,"[{},{},{},{},{},{},{},{}]",error: undefined method `first' for nil:NilClass,8,91,50,99,54,66,60,120,79,89,84,168
276,Miguel Beadle,Male,14,error: undefined method `first' for nil:NilClass,"[{},{},{},{},{},{},{},{},{}]",error: undefined method `first' for nil:NilClass,22,85,54,107,59,79,69,138,72,22,47,94
277,Bernard Colquyte,Male,14,error: undefined method `first' for nil:NilClass,"[{},{},{},{},{},{},{},{},{},{},{}]",error: undefined method `first' for nil:NilClass,79,10,45,89,24,100,62,124,34,37,36,71
278,Archibold Loxston,Male,14,error: undefined method `first' for nil:NilClass,"[{},{},{},{},{},{},{},{}]",error: undefined method `first' for nil:NilClass,42,8,25,50,24,49,37,73,49,24,37,73
279,Aubree Gullefant,Female,22,error: undefined method `first' for nil:NilClass,"[{},{},{},{},{},{},{},{},{}]",error: undefined method `first' for nil:NilClass,58,73,66,131,87,66,77,153,55,20,38,75
280,Reinhold Dunhill,Male,15,error: undefined method `first' for nil:NilClass,"[{},{},{},{},{},{},{},{},{},{},{}]",error: undefined method `first' for nil:NilClass,70,2,36,72,0,87,44,87,14,100,57,114
281,Giavani Beinke,Male,22,error: undefined method `first' for nil:NilClass,"[{},{},{},{},{},{},{},{},{},{},{},{}]",error: undefined method `first' for nil:NilClass,8,44,26,52,1,35,18,36,45,85,65,130
282,Adelind Onele,Female,19,error: undefined method `first' for nil:NilClass,"[{},{},{},{},{},{},{},{},{}]",error: undefined method `first' for nil:NilClass,13,13,13,26,20,64,42,84,86,2,44,88
283,Manya Beckinsale,Female,19,error: undefined method `first' for nil:NilClass,"[{},{},{},{},{},{},{},{},{},{},{}]",error: undefined method `first' for nil:NilClass,45,28,37,73,27,48,38,75,49,35,42,84
284,Had Somerled,Male,20,error: undefined method `first' for nil:NilClass,"[{},{},{},{},{},{},{},{},{},{},{},{}]",error: undefined method `first' for nil:NilClass,72,53,63,125,99,98,99,197,55,61,58,116
285,Consolata Helian,Female,22,error: undefined method `first' for nil:NilClass,"[{},{},{},{},{},{},{},{},{},{},{},{}]",error: undefined method `first' for nil:NilClass,16,55,36,71,37,16,27,53,6,85,46,91
286,Arleta Simecek,Female,14,error: undefined method `first' for nil:NilClass,"[{},{},{},{},{},{},{},{},{},{},{},{}]",error: undefined method `first' for nil:NilClass,32,27,30,59,39,2,21,41,77,70,74,147
287,Tildie Boorer,Female,18,error: undefined method `first' for nil:NilClass,"[{},{},{},{},{},{},{},{},{},{},{}]",error: undefined method `first' for nil:NilClass,23,6,15,29,57,17,37,74,86,45,66,131
288,Natalie Anespie,Female,17,error: undefined method `first' for nil:NilClass,"[{},{},{},{},{},{},{},{},{},{},{},{}]",error: undefined method `first' for nil:NilClass,64,73,69,137,3,33,18,36,95,56,76,151
289,Kissie Medendorp,Female,17,error: undefined method `first' for nil:NilClass,"[{},{},{},{},{},{},{},{},{}]",error: undefined method `first' for nil:NilClass,32,11,22,43,91,62,77,153,87,75,81,162
290,Daron Normanell,Female,20,error: undefined method `first' for nil:NilClass,"[{},{},{},{},{},{},{},{},{},{},{},{}]",error: undefined method `first' for nil:NilClass,0,99,50,99,67,4,36,71,15,80,48,95
291,Afton Teager,Female,15,error: undefined method `first' for nil:NilClass,"[{},{},{},{},{},{},{},{},{},{},{},{}]",error: undefined method `first' for nil:NilClass,78,61,70,139,82,52,67,134,4,34,19,38
292,Jodee Pyott,Female,14,error: undefined method `first' for nil:NilClass,"[{},{},{},{},{},{},{},{},{},{},{}]",error: undefined method `first' for nil:NilClass,66,65,66,131,63,18,41,81,33,58,46,91
293,Audre Otton,Female,22,error: undefined method `first' for nil:NilClass,"[{},{},{},{},{},{},{},{},{},{},{}]",error: undefined method `first' for nil:NilClass,94,30,62,124,9,39,24,48,100,75,88,175
294,Ellene Meneghi,Female,15,error: undefined method `first' for nil:NilClass,"[{},{},{},{},{},{},{},{},{},{}]",error: undefined method `first' for nil:NilClass,60,25,43,85,93,77,85,170,37,94,66,131
295,Isidoro Brinsford,Male,21,error: undefined method `first' for nil:NilClass,"[{},{},{},{},{},{},{},{},{},{}]",error: undefined method `first' for nil:NilClass,66,88,77,154,15,99,57,114,53,35,44,88
296,Olenolin Sallows,Male,14,error: undefined method `first' for nil:NilClass,"[{},{},{},{},{},{},{},{},{},{},{}]",error: undefined method `first' for nil:NilClass,38,67,53,105,19,18,19,37,30,95,63,125
297,Stanfield Whitland,Male,20,error: undefined method `first' for nil:NilClass,"[{},{},{},{},{},{},{},{}]",error: undefined method `first' for nil:NilClass,63,65,64,128,72,44,58,116,100,1,51,101
298,Catherin Whitters,Female,21,error: undefined method `first' for nil:NilClass,"[{},{},{},{},{},{},{},{},{},{},{},{}]",error: undefined method `first' for nil:NilClass,60,30,45,90,71,51,61,122,21,99,60,120
299,Cale Beatens,Male,17,error: undefined method `first' for nil:NilClass,"[{},{},{},{},{},{},{},{},{}]",error: undefined method `first' for nil:NilClass,76,6,41,82,50,18,34,68,8,52,30,60
300,Sigvard Teasdale,Male,17,error: undefined method `first' for nil:NilClass,"[{},{},{},{},{},{},{},{},{},{},{}]",error: undefined method `first' for nil:NilClass,55,50,53,105,40,98,69,138,45,58,52,103
